{"fast_rcnn/cls_accuracy": 0.75, "fast_rcnn/false_negative": 1.0, "fast_rcnn/fg_cls_accuracy": 0.0, "iteration": 20, "loss_box_reg": 0.6565601825714111, "loss_cls": 0.6237825453281403, "loss_mask": 0.6638365387916565, "loss_rpn_cls": 0.3132878988981247, "loss_rpn_loc": 0.0562039315700531, "lr": 0.00019081000000000002, "mask_rcnn/accuracy": 0.6629065688775511, "mask_rcnn/false_negative": 0.0001524844712373253, "mask_rcnn/false_positive": 0.8482277817900052, "roi_head/num_bg_samples": 97.0, "roi_head/num_fg_samples": 31.0, "rpn/num_neg_anchors": 224.5, "rpn/num_pos_anchors": 31.5, "total_loss": 2.313533179461956}
{"fast_rcnn/cls_accuracy": 0.7734375, "fast_rcnn/false_negative": 1.0, "fast_rcnn/fg_cls_accuracy": 0.0, "iteration": 40, "loss_box_reg": 0.7078647017478943, "loss_cls": 0.36790063977241516, "loss_mask": 0.4535508155822754, "loss_rpn_cls": 0.06938673928380013, "loss_rpn_loc": 0.04729520529508591, "lr": 0.00039061, "mask_rcnn/accuracy": 0.758743547038748, "mask_rcnn/false_negative": 0.00101006991838831, "mask_rcnn/false_positive": 0.6647480392967189, "roi_head/num_bg_samples": 97.25, "roi_head/num_fg_samples": 30.75, "rpn/num_neg_anchors": 224.25, "rpn/num_pos_anchors": 31.75, "total_loss": 1.647652504965663}
{"fast_rcnn/cls_accuracy": 0.896484375, "fast_rcnn/false_negative": 0.23928571428571427, "fast_rcnn/fg_cls_accuracy": 0.7607142857142857, "iteration": 60, "loss_box_reg": 0.5851428806781769, "loss_cls": 0.27690522372722626, "loss_mask": 0.36296823620796204, "loss_rpn_cls": 0.05770474299788475, "loss_rpn_loc": 0.03760596364736557, "lr": 0.00059041, "mask_rcnn/accuracy": 0.8270786830357143, "mask_rcnn/false_negative": 0.022300046683063804, "mask_rcnn/false_positive": 0.41718667150781974, "roi_head/num_bg_samples": 96.5, "roi_head/num_fg_samples": 31.5, "rpn/num_neg_anchors": 228.0, "rpn/num_pos_anchors": 28.0, "total_loss": 1.3198462426662445}
{"fast_rcnn/cls_accuracy": 0.94921875, "fast_rcnn/false_negative": 0.11024305555555555, "fast_rcnn/fg_cls_accuracy": 0.8897569444444444, "iteration": 80, "loss_box_reg": 0.4192597419023514, "loss_cls": 0.15052872896194458, "loss_mask": 0.2464914619922638, "loss_rpn_cls": 0.027935104444622993, "loss_rpn_loc": 0.025596218183636665, "lr": 0.0007902100000000001, "mask_rcnn/accuracy": 0.8953583386479591, "mask_rcnn/false_negative": 0.05385298492104608, "mask_rcnn/false_positive": 0.17184614874193882, "roi_head/num_bg_samples": 96.0, "roi_head/num_fg_samples": 32.0, "rpn/num_neg_anchors": 231.25, "rpn/num_pos_anchors": 24.75, "total_loss": 0.8968421686440706}
{"fast_rcnn/cls_accuracy": 0.93359375, "fast_rcnn/false_negative": 0.14174107142857142, "fast_rcnn/fg_cls_accuracy": 0.8582589285714286, "iteration": 100, "loss_box_reg": 0.3723561465740204, "loss_cls": 0.16950920969247818, "loss_mask": 0.28956134617328644, "loss_rpn_cls": 0.04322279989719391, "loss_rpn_loc": 0.03149487357586622, "lr": 0.00099001, "mask_rcnn/accuracy": 0.8730271571727095, "mask_rcnn/false_negative": 0.08498600010498301, "mask_rcnn/false_positive": 0.22371096737063145, "roi_head/num_bg_samples": 99.25, "roi_head/num_fg_samples": 28.75, "rpn/num_neg_anchors": 227.75, "rpn/num_pos_anchors": 28.25, "total_loss": 0.9954437566921115}
